{
  "total_images": 3681,
  "images_above_height_threshold": 1329,
  "height_threshold": 90.0,
  "height_stats": {
    "min": 90.0,
    "max": 107.5,
    "mean": 98.978028592927,
    "std": 4.1538923912009995
  },
  "speed_stats": {
    "min": 0.00522945087828,
    "max": 4.549622710039914,
    "mean": 1.0511698631929665,
    "std": 0.5927098653698113
  },
  "flight_stats": {
    "total_frames": 145967,
    "total_duration_seconds": 1890.0421189033302,
    "average_fps": 77.22949586155003,
    "flight_modes": {
      "POSHOLD [16]": 1329
    }
  },
  "position_stats": {
    "min_x": -16.029524,
    "max_x": 571.051697,
    "min_y": -528.089661,
    "max_y": 132.163254,
    "total_distance": 2035.5230017688698
  },
  "tilt_stats": {
    "min": 4.8,
    "max": 45.7,
    "mean": 33.41824680210685,
    "std": 8.985410904121938
  },
  "acceleration_stats": {
    "min": 6.87241604347765,
    "max": 14.438449681444473,
    "mean": 9.908136968102674,
    "std": 1.0292681333175737
  }
}