{
  "simulation_timestamp": "2025-07-05 20:41:33",
  "method": "LSVL Probability Map",
  "update_formula": "(2-c)/2 where c=cosine_similarity",
  "results": {
    "recall_1": [
      1.0,
      0.0,
      0.0,
      0.0,
      0.0,
      0.0,
      0.0,
      0.0,
      0.0,
      0.0,
      0.0,
      0.0,
      0.0,
      0.0,
      0.0,
      0.0,
      0.0,
      0.0,
      0.0,
      0.0
    ],
    "recall_5": [
      1.0,
      1.0,
      0.0,
      0.0,
      0.0,
      0.0,
      1.0,
      0.0,
      0.0,
      0.0,
      0.0,
      0.0,
      0.0,
      0.0,
      0.0,
      0.0,
      1.0,
      1.0,
      1.0,
      0.0
    ],
    "position_errors": [
      97.03036463601052,
      199.85680816640073,
      222.7956475979081,
      223.3519372963977,
      235.89375269512726,
      225.82681808236515,
      198.2243540217738,
      201.12798449033207,
      213.89427240997347,
      221.3754344101869,
      241.61691451576866,
      255.30868138487074,
      248.56072280831376,
      298.5021476209056,
      1541.358236778984,
      263.8618945184241,
      141.1190300110471,
      163.79547613676715,
      196.0060742805458,
      237.8114300572606
    ],
    "confidence_scores": [
      0.21204304840884294,
      0.30773292432577815,
      0.34545946897706875,
      0.4234622997511012,
      0.4480378628123528,
      0.5121684860493526,
      0.5319238360567469,
      0.4978117157045163,
      0.39482931297105384,
      0.38832452371535514,
      0.5395713773613391,
      0.5612454961455831,
      1.0,
      1.0,
      0.000625,
      0.20970546831096948,
      0.2855554224506884,
      0.2986232118215382,
      0.28086659238919887,
      0.35187306558040515
    ],
    "entropy_history": [
      1.607535908928553,
      1.3718760280736428,
      1.3417906287967343,
      1.0760538532506716,
      1.0678027963149832,
      1.0193390236430204,
      1.011518680328547,
      1.0405298597197412,
      1.0903304379338397,
      1.090591068062009,
      0.6900121151636718,
      0.6856262853498389,
      0.0,
      0.0,
      7.377758908228021,
      1.6085767506623314,
      1.3823482806328937,
      1.3799404180672554,
      1.381532591707575,
      1.0972931257011673
    ]
  },
  "final_metrics": {
    "avg_recall_1": 0.05,
    "avg_recall_5": 0.3,
    "avg_position_error": 281.36589909596813,
    "avg_confidence": 0.4294929556415945
  }
}