{
  "simulation_timestamp": "2025-07-05 20:51:57",
  "method": "LSVL Exponential Distance",
  "update_formula": "exp(-e) where e=embedding_distance",
  "results": {
    "recall_1": [
      1.0,
      0.0,
      0.0,
      0.0,
      1.0,
      1.0,
      0.0,
      1.0,
      0.0,
      1.0,
      1.0,
      1.0,
      1.0,
      1.0,
      0.0,
      0.0,
      0.0,
      0.0,
      0.0,
      0.0
    ],
    "recall_5": [
      1.0,
      1.0,
      1.0,
      0.0,
      1.0,
      1.0,
      1.0,
      1.0,
      1.0,
      1.0,
      1.0,
      1.0,
      1.0,
      1.0,
      1.0,
      1.0,
      1.0,
      0.0,
      0.0,
      0.0
    ],
    "position_errors": [
      83.56296002788542,
      167.03567636503172,
      182.827762319841,
      216.1479341849705,
      64.08380277226836,
      78.55181679797433,
      111.06034653791379,
      40.171463795734276,
      192.39961556223088,
      42.34339398396701,
      13.4251319015823,
      25.77831209445969,
      64.27417557075952,
      93.71769902395751,
      112.98241878412617,
      141.35691598808006,
      182.28135131715933,
      209.86989383562113,
      252.76983160371424,
      308.2927471312976
    ],
    "confidence_scores": [
      0.22221127590125447,
      0.22502787782886066,
      0.29890750874218963,
      0.329824384500581,
      0.38860462027660136,
      0.41452712928185326,
      0.4244173755902117,
      0.5155905376335416,
      0.5373033890913685,
      1.0,
      1.0,
      1.0,
      1.0,
      1.0,
      1.0,
      1.0,
      1.0,
      1.0,
      1.0,
      1.0
    ],
    "entropy_history": [
      1.605623114061056,
      1.6047968782025157,
      1.3736051881809834,
      1.3547095858971727,
      1.0915445965131663,
      1.075634896018126,
      1.063370321546475,
      0.6926609720278508,
      0.6903615072636288,
      0.0,
      0.0,
      0.0,
      0.0,
      0.0,
      0.0,
      0.0,
      0.0,
      0.0,
      0.0,
      0.0
    ]
  },
  "final_metrics": {
    "avg_recall_1": 0.45,
    "avg_recall_5": 0.8,
    "avg_position_error": 129.14666247992875,
    "avg_confidence": 0.7178207049423231
  }
}