{
  "simulation_timestamp": "2025-07-05 21:18:58",
  "method": "Enhanced LSVL + SuperPoint (Simulated)",
  "base_formula": "exp(-e) where e=embedding_distance",
  "enhancement": "SuperPoint descriptor matching with top-5 strategy",
  "results": {
    "recall_1": [
      0.0,
      0.0,
      0.0,
      1.0,
      1.0,
      1.0,
      1.0,
      0.0,
      0.0,
      0.0,
      0.0,
      0.0
    ],
    "recall_5": [
      1.0,
      1.0,
      1.0,
      1.0,
      1.0,
      1.0,
      1.0,
      1.0,
      1.0,
      1.0,
      0.0,
      0.0
    ],
    "position_errors": [
      169.25641394592344,
      136.51257580369327,
      108.59771393362203,
      82.10054728441504,
      42.2370283232283,
      20.936366100318924,
      78.58498747905308,
      133.71408639549588,
      157.55163188480384,
      194.72846022487477,
      222.116195990919,
      269.1784698242553
    ],
    "confidence_scores": [
      0.21566086557918937,
      0.29366207536781164,
      0.34506352279769636,
      0.46567197573184305,
      0.7910367813747698,
      0.8823356782758196,
      0.9582995074326807,
      0.9794859283055048,
      0.9971749267358611,
      0.9971693621969197,
      0.9971522991065124,
      0.9971108694939066
    ],
    "entropy_history": [
      1.8371611832936228,
      1.6740350881078017,
      1.4155758012241615,
      1.1923799011700789,
      0.7177840351016802,
      0.5047173633962948,
      0.22186250778313737,
      0.11377700799097837,
      0.019643411901011883,
      0.019488191973005154,
      0.019545822621691886,
      0.019777120276590014
    ],
    "superpoint_active": [
      true,
      true,
      true,
      true,
      true,
      true,
      true,
      true,
      true,
      true,
      true,
      true
    ]
  },
  "final_metrics": {
    "avg_recall_1": 0.3333333333333333,
    "avg_recall_5": 0.8333333333333334,
    "avg_position_error": 134.62620643255025,
    "avg_confidence": 0.743318649366543
  },
  "superpoint_integration": {
    "available": true,
    "weights_loaded": true,
    "active_rate": 1.0
  }
}