{"backbone": "efficientnet_b0", "stage": 1, "final_loss": 0.19986841801404953, "best_recall_at_1": 0.058, "final_recalls": {"1": 0.036, "5": 0.116, "10": 0.164}, "final_mAPs": {"1": 0.036, "5": 0.06443333333333333, "10": 0.07055079365079367}}